{"index":15,"textStyle":{"fontSize":16,"lineHeight":22,"fontPostscriptName":"OpenSans","color":{"r":0.9529411764705882,"b":0.5725490196078431,"g":0.3176470588235294,"a":1}},"category":"Document Text Styles","name":"Text style"}