{"index":30,"textStyle":{"fontSize":10,"lineHeight":15,"fontPostscriptName":"Poppins-Regular","color":{"r":0.2431372549019608,"b":0.2862745098039216,"g":0.2549019607843137,"a":1}},"category":"Document Text Styles","name":"Text style"}