{"index":24,"textStyle":{"fontSize":10,"lineHeight":16,"fontPostscriptName":"Poppins-SemiBold","color":{"r":0.2666666666666667,"b":0.3490196078431372,"g":0.3098039215686275,"a":1}},"category":"Document Text Styles","name":"Text style"}