{"index":22,"textStyle":{"fontSize":12,"lineHeight":19,"fontPostscriptName":"Poppins-SemiBold","color":{"r":0.2431372549019608,"b":0.2862745098039216,"g":0.2549019607843137,"a":1}},"category":"Document Text Styles","name":"Text style"}